,ztfname
10,ZTF18aabyhlc
14,ZTF18aagrtxs
15,ZTF18aagstdc
16,ZTF18aagtcxj
19,ZTF18aahfbqp
21,ZTF18aahfgsk
23,ZTF18aahfzea
24,ZTF18aahheaj
26,ZTF18aahjafd
34,ZTF18aahshhp
36,ZTF18aahtjsc
37,ZTF18aahvndq
41,ZTF18aaifxvz
46,ZTF18aaisqmw
51,ZTF18aaiykoz
53,ZTF18aajivpr
64,ZTF18aakglgw
66,ZTF18aaklpdo
70,ZTF18aalurka
71,ZTF18aamigmk
72,ZTF18aamlhee
73,ZTF18aamlqqh
74,ZTF18aandjhu
84,ZTF18aaodrgt
87,ZTF18aaoufjt
106,ZTF18aaqfziz
111,ZTF18aaqkcso
119,ZTF18aarbaba
123,ZTF18aarikzk
124,ZTF18aaripcr
129,ZTF18aaroihe
135,ZTF18aarymnz
136,ZTF18aasdted
139,ZTF18aaslhxt
140,ZTF18aasprui
141,ZTF18aasrssa
144,ZTF18aatrkga
147,ZTF18aauizcr
148,ZTF18aaumeys
152,ZTF18aaupmks
153,ZTF18aauvnhh
154,ZTF18aauworo
155,ZTF18aauxltf
156,ZTF18aavjnfx
157,ZTF18aavniyw
162,ZTF18aavsilo
165,ZTF18aawdpnm
168,ZTF18aawmxdx
177,ZTF18aaxcntm
179,ZTF18aaxdrjn
185,ZTF18aaxokeg
189,ZTF18aaxsioa
194,ZTF18aaxxfah
196,ZTF18aaybfsd
204,ZTF18aayjvve
205,ZTF18aayjyub
210,ZTF18aaylcvo
212,ZTF18aayxupv
218,ZTF18aazgfkq
221,ZTF18aazixbw
223,ZTF18aazsabq
224,ZTF18aazxthg
227,ZTF18abakjgq
229,ZTF18abauprj
231,ZTF18abbikrz
232,ZTF18abbodly
235,ZTF18abbvsiv
236,ZTF18abcdzyc
238,ZTF18abcflnz
244,ZTF18abcoxmc
245,ZTF18abcpolh
247,ZTF18abcrxoj
248,ZTF18abcrzce
250,ZTF18abcscfv
252,ZTF18abcvush
254,ZTF18abcxyjp
258,ZTF18abdcfgz
263,ZTF18abdfaqi
269,ZTF18abdiqdh
275,ZTF18abdrmin
278,ZTF18abebzog
279,ZTF18abeecwe
281,ZTF18abespgb
288,ZTF18abfhryc
299,ZTF18abhbqbh
303,ZTF18abhpzig
307,ZTF18abiinnl
311,ZTF18abixkdo
314,ZTF18abiybfq
316,ZTF18abjgyyr
317,ZTF18abjhack
319,ZTF18abjqmqt
320,ZTF18abjrfqx
324,ZTF18abjvhec
325,ZTF18abjvzxx
328,ZTF18abkhbra
329,ZTF18abkhcrj
330,ZTF18abkhcwl
340,ZTF18ablmflp
345,ZTF18ablqlzp
351,ZTF18abltdkd
352,ZTF18abltebf
361,ZTF18abmkaps
365,ZTF18abmnrgb
370,ZTF18abmstte
374,ZTF18abmxahs
378,ZTF18abncdhd
379,ZTF18abncimo
381,ZTF18abntsgz
386,ZTF18abnygkb
391,ZTF18abobkii
396,ZTF18abomklq
397,ZTF18abomwsv
399,ZTF18abosdwf
400,ZTF18abosrco
402,ZTF18abotdef
406,ZTF18abpaywm
407,ZTF18abpdcuf
412,ZTF18abqdadp
418,ZTF18abrlupd
424,ZTF18abrzeym
429,ZTF18abscygs
433,ZTF18absgnio
434,ZTF18abshmro
448,ZTF18absstyb
450,ZTF18absyyig
452,ZTF18abtfrbf
454,ZTF18abtfvsk
456,ZTF18abtgnky
457,ZTF18abtgtpn
458,ZTF18abtjpoy
463,ZTF18abtmxnw
467,ZTF18abtqevs
469,ZTF18abtrvkm
473,ZTF18abtywim
474,ZTF18abtzzka
475,ZTF18abucvbf
478,ZTF18abuhyjv
479,ZTF18abuhzfc
484,ZTF18abulkrl
486,ZTF18abupgql
488,ZTF18abuqugw
491,ZTF18abuykiu
492,ZTF18abuykiz
494,ZTF18abvejbm
500,ZTF18abvtcoe
501,ZTF18abvtcyi
506,ZTF18abvwstm
508,ZTF18abwbtco
509,ZTF18abwdcdv
510,ZTF18abwkczr
523,ZTF18abxbugc
526,ZTF18abxhsyn
532,ZTF18abykswp
533,ZTF18abyxwrf
535,ZTF18abyzlhn
540,ZTF18acaeous
541,ZTF18acaexmi
543,ZTF18acaipdc
544,ZTF18acajkff
546,ZTF18acatuts
547,ZTF18acavnyd
549,ZTF18acbblui
550,ZTF18acbujhw
560,ZTF18acbwppb
561,ZTF18acbwtmf
565,ZTF18acbxmvy
567,ZTF18acbxsge
571,ZTF18acbznvp
576,ZTF18accjecm
578,ZTF18acckoil
582,ZTF18accndxn
587,ZTF18accrorf
592,ZTF18accwjiu
594,ZTF18acdwazf
597,ZTF18acdyypo
598,ZTF18acdzzyf
599,ZTF18aceathd
600,ZTF18acebefc
604,ZTF18acefxko
605,ZTF18acehilk
609,ZTF18acemhyb
615,ZTF18aceynvm
616,ZTF18acfwmqj
617,ZTF18achaqmd
618,ZTF18achbllm
620,ZTF18achjcwv
622,ZTF18achohst
624,ZTF18achyqcq
625,ZTF18acmvcme
628,ZTF18acmycnd
629,ZTF18acmyihj
631,ZTF18acmzpbf
634,ZTF18acnbgpw
635,ZTF18acnbgrb
642,ZTF18acpfwmm
645,ZTF18acqqyah
646,ZTF18acqsfxh
647,ZTF18acqsqry
649,ZTF18acqxcga
652,ZTF18acrcizr
653,ZTF18acrdciw
654,ZTF18acrdlrp
655,ZTF18acrdmmw
656,ZTF18acrdwag
657,ZTF18acrdwcf
666,ZTF18acrukkl
668,ZTF18acrxppd
676,ZTF18acsovsw
680,ZTF18acsxusq
683,ZTF18acsynfy
689,ZTF18acuimze
691,ZTF18acurlbj
693,ZTF18acurmpd
697,ZTF18acusegd
699,ZTF18acusrws
701,ZTF18acutfne
702,ZTF18acvbiff
704,ZTF18acvguyi
706,ZTF18acvrfvv
711,ZTF18acwutbr
714,ZTF18acwwowy
716,ZTF18acwyqeg
718,ZTF18acxhvkv
720,ZTF18acxyarg
725,ZTF18acyymoy
726,ZTF18aczbgpm
729,ZTF18aczeesl
730,ZTF18aczemzj
732,ZTF18aczotxi
734,ZTF18aczrafz
735,ZTF18adaadmh
737,ZTF18adaifep
738,ZTF18adakmnq
740,ZTF18adaruzw
741,ZTF18adaslwa
742,ZTF18adasopt
744,ZTF18adatosi
745,ZTF18adaylyq
752,ZTF18adbntwo
762,ZTF19aaairqh
768,ZTF19aabmybj
769,ZTF19aabvfwn
770,ZTF19aabyheu
771,ZTF19aabyppp
773,ZTF19aacgslb
776,ZTF19aacqeai
778,ZTF19aacwljg
780,ZTF19aadmjtn
782,ZTF19aadnxat
783,ZTF19aadnxcw
784,ZTF19aadolpe
785,ZTF19aadoocn
786,ZTF19aadooun
787,ZTF19aadsyop
788,ZTF19aadtgxw
790,ZTF19aadyioa
792,ZTF19aaeflme
800,ZTF19aafmfxg
803,ZTF19aafnecv
805,ZTF19aafwrhf
806,ZTF19aagkfvq
808,ZTF19aagmsrr
809,ZTF19aahsclk
810,ZTF19aahsnmq
812,ZTF19aahulyd
818,ZTF19aailqir
819,ZTF19aailqli
825,ZTF19aajxhwa
826,ZTF19aajxwnz
827,ZTF19aakiwxx
831,ZTF19aakljys
832,ZTF19aaklqod
833,ZTF19aaklquv
835,ZTF19aaknvuh
836,ZTF19aakoasy
837,ZTF19aakobov
838,ZTF19aakocxy
840,ZTF19aakozyp
846,ZTF19aaksrlb
851,ZTF19aakzwao
861,ZTF19aalveag
867,ZTF19aalzrrz
869,ZTF19aambfxc
871,ZTF19aamdmcs
875,ZTF19aamgttu
876,ZTF19aamhhae
878,ZTF19aamhhgu
881,ZTF19aamhqej
882,ZTF19aamhqow
883,ZTF19aamjvie
884,ZTF19aamkdtq
885,ZTF19aamkywr
887,ZTF19aampqcq
889,ZTF19aamqlyl
891,ZTF19aamrnyv
897,ZTF19aanbfaw
899,ZTF19aanejfr
900,ZTF19aanesxt
901,ZTF19aanetjx
902,ZTF19aaneugz
909,ZTF19aanhlzi
915,ZTF19aanjlwx
918,ZTF19aanmeyw
919,ZTF19aanonjt
920,ZTF19aanramr
923,ZTF19aanuhox
934,ZTF19aanyuyh
936,ZTF19aaobwpx
941,ZTF19aaomkvl
944,ZTF19aaozpew
960,ZTF19aaphifl
961,ZTF19aaphmto
963,ZTF19aaplpaa
965,ZTF19aapocyd
967,ZTF19aapszzy
969,ZTF19aaptzar
970,ZTF19aapuohr
979,ZTF19aaqhelq
981,ZTF19aaqtyku
983,ZTF19aaqyvdn
985,ZTF19aaraxhh
986,ZTF19aardunx
990,ZTF19aarhxgn
992,ZTF19aarinmw
993,ZTF19aaripqw
997,ZTF19aarlefl
998,ZTF19aarmznp
999,ZTF19aarnqzw
1001,ZTF19aarprog
1003,ZTF19aarstfg
1004,ZTF19aartuev
1005,ZTF19aartuli
1006,ZTF19aartylj
1014,ZTF19aatgrxv
1016,ZTF19aatgwhs
1018,ZTF19aathcvn
1019,ZTF19aatlmbo
1020,ZTF19aatnefp
1026,ZTF19aatvljp
1028,ZTF19aauguzk
1034,ZTF19aaujiwc
1035,ZTF19aaujzqh
1037,ZTF19aaumvig
1038,ZTF19aauoulb
1040,ZTF19aaupkrl
1043,ZTF19aaurstb
1044,ZTF19aaurxsa
1050,ZTF19aavhxby
1054,ZTF19aavissk
1056,ZTF19aavkhuy
1058,ZTF19aavmgtv
1062,ZTF19aavnwtf
1063,ZTF19aavnwxf
1064,ZTF19aavnwyt
1068,ZTF19aavoiyc
1072,ZTF19aavqiuw
1078,ZTF19aavsyhq
1083,ZTF19aavxikq
1085,ZTF19aavxufb
1088,ZTF19aawfcgp
1090,ZTF19aawgfnn
1096,ZTF19aawmkja
1097,ZTF19aawmqtd
1099,ZTF19aawqckx
1105,ZTF19aawupxb
1106,ZTF19aawwlxc
1109,ZTF19aaxeetj
1110,ZTF19aaxffum
1111,ZTF19aaxfzao
1118,ZTF19aaxqsbn
1122,ZTF19aaycomi
1123,ZTF19aayfaum
1126,ZTF19aaykugs
1149,ZTF19ababigc
1153,ZTF19abadskf
1168,ZTF19abangws
1170,ZTF19abaosan
1171,ZTF19abasxkg
1176,ZTF19abbvzgr
1184,ZTF19abcndvf
1207,ZTF19abdoznh
1208,ZTF19abdqaao
1212,ZTF19abdyawn
1213,ZTF19abdzehg
1216,ZTF19abeizmo
1218,ZTF19abetjcx
1220,ZTF19abexfad
1224,ZTF19abfdszw
1226,ZTF19abfhszx
1227,ZTF19abfibel
1231,ZTF19abfvhlx
1241,ZTF19abgjlef
1242,ZTF19abglmpf
1245,ZTF19abgprpq
1250,ZTF19abgsyrp
1252,ZTF19abhdlxp
1254,ZTF19abheamc
1259,ZTF19abhpvfq
1260,ZTF19abhxllw
1262,ZTF19abhzelh
1263,ZTF19abhzewi
1267,ZTF19abidfxd
1269,ZTF19abimlck
1276,ZTF19abitbcj
1284,ZTF19abjgbmo
1285,ZTF19abjibet
1291,ZTF19abjslyw
1293,ZTF19abkbkxy
1300,ZTF19abkgbul
1306,ZTF19ablovot
1307,ZTF19ablpfhz
1309,ZTF19ablpxtf
1310,ZTF19ablqnuw
1312,ZTF19ablusdf
1313,ZTF19abmolyr
1318,ZTF19abmzord
1327,ZTF19abnoxud
1334,ZTF19abornyn
1342,ZTF19abpbmli
1345,ZTF19abpgggu
1346,ZTF19abplfxs
1349,ZTF19abpveqn
1352,ZTF19abpyjqx
1357,ZTF19abqanpy
1358,ZTF19abqgzea
1359,ZTF19abqhikf
1365,ZTF19abqmpsr
1368,ZTF19abqqmui
1370,ZTF19abqqvhd
1371,ZTF19abqrrto
1374,ZTF19abqsvgf
1377,ZTF19abqviuy
1382,ZTF19abrcvzz
1384,ZTF19abrdnty
1388,ZTF19abrogbl
1389,ZTF19abrsssx
1397,ZTF19abtsrup
1398,ZTF19abttstb
1404,ZTF19abucvgu
1405,ZTF19abuejud
1406,ZTF19abuhlxk
1408,ZTF19abujuex
1411,ZTF19aburnqh
1414,ZTF19abvalfd
1415,ZTF19abvanim
1418,ZTF19abvhduf
1421,ZTF19abvvpoh
1426,ZTF19abwscog
1428,ZTF19abwsecm
1431,ZTF19abxdnhr
1432,ZTF19abxdnzt
1434,ZTF19abxfhrq
1435,ZTF19abxfunp
1439,ZTF19abxiqve
1440,ZTF19abxjimu
1441,ZTF19abxtdgh
1442,ZTF19abxvjkn
1444,ZTF19abxvtiy
1445,ZTF19abxvtmy
1457,ZTF19abyjjxp
1458,ZTF19abylxyt
1461,ZTF19abymvpq
1462,ZTF19abyreuq
1464,ZTF19abywmqw
1465,ZTF19abywqza
1469,ZTF19abzhzet
1471,ZTF19abzkiuv
1473,ZTF19abzlmwn
1476,ZTF19abzmnuk
1477,ZTF19abzmpku
1485,ZTF19abzsjpn
1487,ZTF19abzulhk
1493,ZTF19abzyvfi
1498,ZTF19acapeun
1499,ZTF19acaqyjp
1503,ZTF19acaxcwg
1504,ZTF19acazaug
1505,ZTF19acazbqm
1507,ZTF19acbacvu
1510,ZTF19acbjlnt
1512,ZTF19acbkczc
1519,ZTF19acbmddl
1521,ZTF19acbmqpu
1525,ZTF19acbpnii
1526,ZTF19acbpqvc
1529,ZTF19acbpzir
1538,ZTF19acbunmk
1539,ZTF19acbuujf
1542,ZTF19acbvpjn
1548,ZTF19acbykmk
1552,ZTF19accibkt
1555,ZTF19accloxh
1557,ZTF19accmboe
1564,ZTF19acdgwhq
1566,ZTF19acdisjm
1571,ZTF19acdulhn
1574,ZTF19aceidtc
1575,ZTF19acekbyz
1577,ZTF19acelcan
1579,ZTF19acennqf
1582,ZTF19acetwqh
1586,ZTF19acexijn
1591,ZTF19acfsqjx
1594,ZTF19acfthre
1596,ZTF19acfxbki
1601,ZTF19acgcshq
1603,ZTF19acgdfjt
1609,ZTF19acgjnfz
1614,ZTF19acgogcm
1617,ZTF19acgqjln
1619,ZTF19acgxbwo
1623,ZTF19achejoc
1627,ZTF19achticg
1629,ZTF19acifuyf
1632,ZTF19acihfxz
1633,ZTF19acihgng
1634,ZTF19acihlft
1636,ZTF19acitnck
1638,ZTF19acjdwqv
1639,ZTF19acjerdh
1640,ZTF19acjerzj
1643,ZTF19acjifxp
1646,ZTF19acjtkha
1648,ZTF19acjurot
1650,ZTF19acjwqvo
1653,ZTF19ackjmge
1654,ZTF19ackjnuq
1659,ZTF19aclofmz
1667,ZTF19acmdpyr
1668,ZTF19acmgyka
1669,ZTF19acmvrsw
1672,ZTF19acnfjyw
1675,ZTF19acnjwgm
1676,ZTF19acnkeji
1679,ZTF19acnzkph
1681,ZTF19acojuzv
1694,ZTF19acrbyzj
1695,ZTF19acrcupt
1696,ZTF19acrdqej
1701,ZTF19acryaon
1703,ZTF19acshfvz
1705,ZTF19acslqnc
1709,ZTF19actfpmy
1711,ZTF19actldas
1714,ZTF19acuybzx
1715,ZTF19acvgjme
1718,ZTF19acwiqrc
1720,ZTF19acwrqtv
1721,ZTF19acwrujg
1723,ZTF19acxhkvc
1724,ZTF19acxmiyh
1725,ZTF19acxndsk
1727,ZTF19acxowwt
1731,ZTF19acxyfkf
1732,ZTF19acxysob
1734,ZTF19acxyumq
1738,ZTF19acyfakk
1739,ZTF19acyfkbf
1743,ZTF19acygjmg
1744,ZTF19acyiqnw
1747,ZTF19acykjcw
1749,ZTF19acyksfd
1751,ZTF19acylgic
1752,ZTF19acyltbi
1755,ZTF19acymzwh
1758,ZTF19acyogvo
1761,ZTF19acyqwlm
1762,ZTF19acytcoi
1763,ZTF19acytidb
1764,ZTF19aczeomw
1776,ZTF19adbnfne
1777,ZTF19adbnlki
1778,ZTF19adbpulv
1781,ZTF19adbsfpf
1793,ZTF20aaactgu
1798,ZTF20aaaxacu
1805,ZTF20aabcouv
1806,ZTF20aabqamf
1810,ZTF20aabqisb
1811,ZTF20aabqiti
1813,ZTF20aabrydh
1815,ZTF20aaccmjn
1816,ZTF20aacdfep
1817,ZTF20aacevxq
1818,ZTF20aacexgb
1823,ZTF20aadfyjl
1829,ZTF20aadyukn
1830,ZTF20aaeopvv
1831,ZTF20aaepsqa
1834,ZTF20aaerxsd
1836,ZTF20aaesewy
1837,ZTF20aaeswym
1841,ZTF20aaeuxqk
1849,ZTF20aafcjln
1852,ZTF20aafdeza
1855,ZTF20aaffgwg
1856,ZTF20aafgbrf
1857,ZTF20aafjjqj
1862,ZTF20aafsnpp
1864,ZTF20aafvzhu
1871,ZTF20aagfjlj
1875,ZTF20aaghryk
1878,ZTF20aagnbpw
1879,ZTF20aagryod
1880,ZTF20aagvvnr
1883,ZTF20aagyuvy
1884,ZTF20aagzchj
1890,ZTF20aahdwze
1891,ZTF20aahfobk
1897,ZTF20aahirkk
1900,ZTF20aahkgcz
1903,ZTF20aahpwym
1904,ZTF20aahpxzz
1905,ZTF20aahqbib
1910,ZTF20aahujpd
1914,ZTF20aaiawlj
1918,ZTF20aaifyab
1919,ZTF20aaifyrs
1920,ZTF20aaifyvz
1933,ZTF20aakodiq
1935,ZTF20aakyoez
1936,ZTF20aalbjpf
1937,ZTF20aalbjqh
1940,ZTF20aalkfui
1941,ZTF20aalmeaj
1943,ZTF20aalrksw
1944,ZTF20aalrptc
1948,ZTF20aamdhut
1961,ZTF20aamkyyx
1969,ZTF20aamqxyi
1970,ZTF20aamsjws
1972,ZTF20aamttni
1973,ZTF20aamuqwn
1977,ZTF20aanaibf
1986,ZTF20aanvpzo
1990,ZTF20aanyxvu
1991,ZTF20aaodkvl
1996,ZTF20aaomtwl
1997,ZTF20aaoojli
1999,ZTF20aaosoct
2001,ZTF20aaowuim
2002,ZTF20aapadwx
2003,ZTF20aapcmur
2008,ZTF20aaqhtcd
2010,ZTF20aaqpxtm
2011,ZTF20aaqshoz
2012,ZTF20aaqtebg
2014,ZTF20aaqvzko
2016,ZTF20aarasxl
2017,ZTF20aarbget
2022,ZTF20aascwar
2023,ZTF20aasdibr
2024,ZTF20aasfdfr
2025,ZTF20aasitqe
2026,ZTF20aasivxr
2027,ZTF20aasiwcu
2034,ZTF20aattqbi
2040,ZTF20aatvsjw
2041,ZTF20aatvzmm
2047,ZTF20aauombk
2048,ZTF20aauooag
2050,ZTF20aaupkac
2053,ZTF20aauqtcp
2056,ZTF20aaurhzc
2059,ZTF20aaurmtf
2061,ZTF20aaurwes
2063,ZTF20aaurzce
2065,ZTF20aautscv
2066,ZTF20aautzif
2068,ZTF20aauuiri
2071,ZTF20aauwjmw
2077,ZTF20aavhire
2078,ZTF20aavnnat
2079,ZTF20aavnnkm
2080,ZTF20aavnnqo
2087,ZTF20aavrloz
2089,ZTF20aavrzha
2094,ZTF20aawcjrx
2095,ZTF20aawdjlp
2096,ZTF20aawmlfq
2099,ZTF20aawqywr
2102,ZTF20aaxablt
2103,ZTF20aaxagnm
2105,ZTF20aaxbvkt
2124,ZTF20aayknlo
2125,ZTF20aaymbjk
2126,ZTF20aayubpi
2128,ZTF20aayvubx
2133,ZTF20aayxldg
2138,ZTF20aazewcq
2140,ZTF20aazgtmp
2144,ZTF20aazhzna
2145,ZTF20aazjwgh
2146,ZTF20aazkxcw
2149,ZTF20aaznpor
2151,ZTF20aazoqmh
2158,ZTF20aazquhc
2163,ZTF20aazymxi
2165,ZTF20abafzxx
2170,ZTF20abapvvq
2180,ZTF20abavxpk
2181,ZTF20abawgdl
2183,ZTF20abawtpy
2184,ZTF20abazekd
2189,ZTF20abbhyxu
2190,ZTF20abbihor
2192,ZTF20abbjwgc
2196,ZTF20abbrptu
2200,ZTF20abcgjvq
2202,ZTF20abciflj
2204,ZTF20abcqpdj
2206,ZTF20abcsjtx
2209,ZTF20abcwuwg
2211,ZTF20abcxnkh
2213,ZTF20abdsunu
2215,ZTF20abdxffu
2219,ZTF20abdzief
2220,ZTF20abdzrxo
2223,ZTF20abedyov
2224,ZTF20abeeahl
2225,ZTF20abeeyre
2228,ZTF20abeeytg
2233,ZTF20abefdvd
2236,ZTF20abegate
2237,ZTF20abegiry
2238,ZTF20abeglzu
2239,ZTF20abegoix
2245,ZTF20abeldyn
2246,ZTF20abeljuj
2248,ZTF20abeoicg
2251,ZTF20abeqsrm
2254,ZTF20abeyvwv
2255,ZTF20abeywdn
2258,ZTF20abffaxl
2259,ZTF20abfhway
2261,ZTF20abfklsy
2265,ZTF20abfyriw
2270,ZTF20abgbwmt
2281,ZTF20abgpksj
2285,ZTF20abgzvff
2287,ZTF20abhjghg
2289,ZTF20abhmqdn
2295,ZTF20abipuee
2299,ZTF20abixkhh
2302,ZTF20abjbiqf
2304,ZTF20abjfufv
2314,ZTF20abjwvdh
2318,ZTF20abkcril
2319,ZTF20abkdpsy
2320,ZTF20abkfhzy
2328,ZTF20ableiem
2332,ZTF20ablqbvc
2333,ZTF20ablstba
2335,ZTF20ablxtlp
2341,ZTF20abmcxct
2345,ZTF20abmoans
2346,ZTF20abmspyz
2349,ZTF20abmudrv
2352,ZTF20abmxtnh
2362,ZTF20aboquuv
2363,ZTF20abotxgj
2372,ZTF20abpqenl
2373,ZTF20abpsbyg
2375,ZTF20abptxls
2379,ZTF20abpuyau
2384,ZTF20abpyxja
2385,ZTF20abpzltz
2386,ZTF20abqaqgv
2387,ZTF20abqbzuv
2388,ZTF20abqcvtk
2391,ZTF20abqfgee
2392,ZTF20abqgzhh
2399,ZTF20abqmtsh
2405,ZTF20abquppg
2413,ZTF20abrnklh
2417,ZTF20absvtnc
2421,ZTF20absyium
2422,ZTF20abszyjg
2423,ZTF20abszzlp
2427,ZTF20abthxfr
2431,ZTF20abucjsa
2432,ZTF20abucvpo
2435,ZTF20abupbub
2438,ZTF20abvowvw
2444,ZTF20abvxsgk
2446,ZTF20abvycao
2447,ZTF20abvykmy
2449,ZTF20abwavab
2451,ZTF20abwcnhm
2453,ZTF20abweedo
2454,ZTF20abwkqxd
2455,ZTF20abwktfx
2458,ZTF20abwynwj
2463,ZTF20abxgwjr
2468,ZTF20abxlham
2469,ZTF20abxlwht
2472,ZTF20abxqtyg
2475,ZTF20abxwreg
2477,ZTF20abxyaqc
2478,ZTF20abxyfye
2479,ZTF20abxyggc
2480,ZTF20abxzrqw
2481,ZTF20abydkrl
2484,ZTF20abygigy
2492,ZTF20abyptpc
2495,ZTF20abyvtds
2496,ZTF20abywpkl
2498,ZTF20abywzvj
2499,ZTF20abyxcib
2502,ZTF20abyyfmw
2504,ZTF20abyzgzj
2509,ZTF20abzcsbt
2512,ZTF20abzhwtq
2531,ZTF20acbovrt
2540,ZTF20acctbbw
2541,ZTF20accxqqo
2542,ZTF20accxzmn
2543,ZTF20acdafau
2549,ZTF20acebweq
2550,ZTF20acehyxd
2556,ZTF20acfasbq
2559,ZTF20acfnuee
2560,ZTF20acfviac
2561,ZTF20acfvsze
2563,ZTF20acgdycd
2569,ZTF20acgnbvv
2570,ZTF20acgnrqu
2574,ZTF20acgpngg
2575,ZTF20acgpqqr
2584,ZTF20acgzjje
2586,ZTF20achadaa
2587,ZTF20achawym
2588,ZTF20achaxvo
2590,ZTF20achbdcv
2594,ZTF20achdwmq
2595,ZTF20achfdib
2598,ZTF20achlced
2612,ZTF20achtzug
2614,ZTF20achvmjr
2615,ZTF20achvmoj
2618,ZTF20achzugy
2620,ZTF20acifwef
2626,ZTF20acikuon
2638,ZTF20acitojm
2640,ZTF20aciuakv
2646,ZTF20acizliy
2651,ZTF20acjjkhr
2654,ZTF20acjsazw
2671,ZTF20aclkuqh
2672,ZTF20aclkyhj
2677,ZTF20aclwclm
2683,ZTF20acmddof
2689,ZTF20acmzoxo
2694,ZTF20acnsgdb
2712,ZTF20acojxtb
2719,ZTF20acordqz
2720,ZTF20acoredl
2721,ZTF20acotwur
2731,ZTF20acoxtxr
2732,ZTF20acoyfpk
2735,ZTF20acoyyly
2736,ZTF20acpbbqf
2737,ZTF20acpcuwx
2739,ZTF20acpeldz
2741,ZTF20acpgnej
2742,ZTF20acpgnsn
2747,ZTF20acphdbu
2749,ZTF20acpiywu
2751,ZTF20acpjcoe
2754,ZTF20acpkjsn
2756,ZTF20acpknjk
2765,ZTF20acpmgdz
2766,ZTF20acpmxdg
2772,ZTF20acpujxl
2774,ZTF20acpvxmk
2777,ZTF20acpxvez
2778,ZTF20acpyaap
2784,ZTF20acqksdi
2791,ZTF20acrdadi
2796,ZTF20acriwfa
2797,ZTF20acrqeje
2798,ZTF20acrudzk
2799,ZTF20acrufey
2802,ZTF20acsesce
2804,ZTF20actddoh
2805,ZTF20actdeqw
2806,ZTF20actfeym
2807,ZTF20actfoxr
2808,ZTF20actiymd
2812,ZTF20actoakx
2814,ZTF20actpbck
2818,ZTF20actskcf
2825,ZTF20acucbek
2826,ZTF20acudkao
2827,ZTF20acugxbm
2830,ZTF20acumcrz
2831,ZTF20acumekm
2832,ZTF20acumrio
2839,ZTF20acuoxrx
2840,ZTF20acurtpj
2842,ZTF20acuspji
2843,ZTF20acusqsp
2846,ZTF20acuzfpk
2849,ZTF20acvagdq
2850,ZTF20acvbcrd
2853,ZTF20acvchhw
2859,ZTF20acviwcr
2862,ZTF20acvziuf
2867,ZTF20acwfanr
2868,ZTF20acwfcfs
2873,ZTF20acwkvgj
2875,ZTF20acwmpsj
2883,ZTF20acwpaov
2891,ZTF20acwqndp
2897,ZTF20acxbbaj
2899,ZTF20acxcxkz
2900,ZTF20acxdawc
2902,ZTF20acxkxxr
2903,ZTF20acxlaih
2904,ZTF20acxmxth
2906,ZTF20acxncha
2913,ZTF20acxsxac
2914,ZTF20acxtewc
2915,ZTF20acxvvnf
2918,ZTF20acxzkkf
2920,ZTF20acxzqyp
2923,ZTF20acynlkj
2924,ZTF20acynllu
2926,ZTF20acyonmr
2927,ZTF20acyrhbo
2928,ZTF20acyrodl
2931,ZTF20acyvzbr
2932,ZTF20acyvzef
2933,ZTF20acywbes
2934,ZTF20acywefl
2936,ZTF20acyyavb
2940,ZTF20aczacag
2941,ZTF20aczgoml
2944,ZTF20adadffg
2947,ZTF20adadsgm
2948,ZTF20adadshh
2949,ZTF20adagenq
2957,ZTF18aczeraq
